Title,issues,Last volume,Last number,Last year,Is active?
ABC Imagem Cardiovascular,6,39,2,2026,True
ABCD. Arquivos Brasileiros de Cirurgia Digestiva (São Paulo),69,39,,2026,True
ARS (São Paulo),52,24,,2026,True
Acta Amazonica,220,56,,2026,True
Acta Botanica Brasilica,123,40,,2026,True
Acta Cirúrgica Brasileira,245,41,,2026,True
Acta Limnologica Brasiliensia,34,38,,2026,True
Acta Ortopédica Brasileira,154,34,4,2026,True
Acta Paulista de Enfermagem,96,39,,2026,True
Acta Scientiarum. Agronomy,51,48,,2026,True
Acta Scientiarum. Animal Sciences,36,48,,2026,True
Advances in Rheumatology,9,66,,2026,True
Advances in Weed Science,8,44,,2026,True
Afro-Ásia,6,,50,2014,False
Alea: Estudos Neolatinos,57,28,1,2026,True
Alfa: Revista de Linguística (São José do Rio Preto),31,70,,2026,True
Almanack,40,40,,2026,True
Ambiente & Sociedade,56,29,,2026,True
Ambiente Construído,60,26,,2026,True
Anais Brasileiros de Dermatologia,157,101,3,2026,True
Anais da Academia Brasileira de Ciências,139,98,2,2026,True
Anais da Escola Superior de Agricultura Luiz de Queiroz,56,48,,1991,False
Anais da Sociedade Entomológica do Brasil,15,29,4,2000,False
Anais do Museu Paulista: História e Cultura Material,46,34,,2026,True
Animal Reproduction,31,23,4,2026,True
Anuário Antropológico,4,51,,2026,True
Anuário do Instituto de Geociências,3,49,,2026,True
Archives of Clinical Psychiatry (São Paulo),122,48,6,2021,False
Archives of Endocrinology and Metabolism,67,70,4,2026,True
Arquivo Brasileiro de Medicina Veterinária e Zootecnia,166,78,3,2026,True
Arquivos Brasileiros de Cardiologia,440,123,8,2026,True
Arquivos Brasileiros de Endocrinologia & Metabologia,122,58,9,2014,False
Arquivos Brasileiros de Oftalmologia,223,89,5,2026,True
Arquivos Internacionais de Otorrinolaringologia,7,16,1,2012,False
Arquivos de Gastroenterologia,105,63,,2026,True
Arquivos de Neuro-Psiquiatria,486,84,9,2026,True
Arquivos do Instituto Biológico,94,93,,2026,True
Audiology - Communication Research,23,31,,2026,True
Autopsy and Case Reports,8,14,,2024,False
Avaliação: Revista da Avaliação da Educação Superior (Campinas),52,31,,2026,True
BAR - Brazilian Administration Review,85,23,2,2026,True
BBR. Brazilian Business Review,51,23,,2026,True
Bakhtiniana: Revista de Estudos do Discurso,51,21,3,2026,True
Biota Neotropica,93,26,2,2026,True
Bolema: Boletim de Educação Matemática,40,40,,2026,True
Boletim de Ciências Geodésicas,59,32,,2026,True
Boletim do Instituto Oceanográfico,62,43,2,1995,False
Boletim do Instituto Paulista de Oceanografia,4,2,2,1951,False
Boletim do Instituto de Pesca,3,52,,2026,True
Boletim do Museu Paraense Emílio Goeldi. Ciências Humanas,62,21,2,2026,True
BrJP,29,9,,2026,True
Bragantia,249,85,,2026,True
Brazilian Archives of Biology and Technology,124,69,,2026,True
Brazilian Dental Journal,115,37,,2026,True
Brazilian Dental Science,1,29,,2026,True
Brazilian Journal of Anesthesiology,33,76,3,2026,True
Brazilian Journal of Biology,103,86,,2026,True
Brazilian Journal of Botany,62,35,4,2012,False
Brazilian Journal of Cardiovascular Surgery,180,41,3,2026,True
Brazilian Journal of Chemical Engineering,92,36,4,2019,False
Brazilian Journal of Food Technology,30,29,,2026,True
Brazilian Journal of Genetics,4,20,4,1997,False
Brazilian Journal of Geology,49,56,,2026,True
Brazilian Journal of Infectious Diseases,147,30,,2026,True
Brazilian Journal of Medical and Biological Research,309,59,,2026,True
Brazilian Journal of Microbiology,78,49,4,2018,False
Brazilian Journal of Nephrology,75,48,4,2026,True
Brazilian Journal of Oceanography,65,67,,2019,False
Brazilian Journal of Oral Sciences,18,25,,2026,True
Brazilian Journal of Otorhinolaryngology,104,92,,2026,True
Brazilian Journal of Pharmaceutical Sciences,50,62,,2026,True
Brazilian Journal of Physical Therapy,64,20,6,2016,False
Brazilian Journal of Physics,73,40,4,2010,False
Brazilian Journal of Plant Physiology,41,24,4,2012,False
Brazilian Journal of Political Economy,183,46,2,2026,True
Brazilian Journal of Poultry Science,106,28,2,2026,True
Brazilian Journal of Psychiatry,145,48,,2026,True
Brazilian Journal of Radiation Sciences,6,14,1,2026,True
Brazilian Journal of Transplantation,4,29,,2026,True
Brazilian Journal of Veterinary Research and Animal Science,45,41,6,2004,False
Brazilian Journalism Research,16,22,1,2026,True
Brazilian Oral Research,76,40,,2026,True
Brazilian Political Science Review,53,20,2,2026,True
CERNE,50,32,,2026,True
Caderno CRH,49,39,,2026,True
Caderno de Estudos,24,,24,2000,False
Cadernos Brasileiros de Terapia Ocupacional,21,34,,2026,True
Cadernos CEDES,86,46,,2026,True
Cadernos EBAPE.BR,110,24,,2026,True
Cadernos Gestão Pública e Cidadania,7,31,4,2026,True
Cadernos Metrópole,37,28,66,2026,True
Cadernos Nietzsche,38,47,1,2026,True
Cadernos Pagu,60,,76,2026,True
Cadernos Saúde Coletiva,55,34,2,2026,True
Cadernos de Pesquisa,79,56,,2026,True
Cadernos de Saúde Pública,393,42,,2026,True
Cadernos de Tradução,42,46,,2026,True
Cerâmica,111,72,,2026,True
Childhood & Philosophy (Rio de Janeiro),1,22,,2026,True
Civitas - Revista de Ciências Sociais,40,26,,2026,True
Ciência & Educação (Bauru),74,32,,2026,True
Ciência & Saúde Coletiva,257,31,6,2026,True
Ciência Animal Brasileira,26,27,,2026,True
Ciência Florestal,101,36,,2026,True
Ciência Rural,296,56,8,2026,True
Ciência da Informação,43,40,1,2011,False
Ciência e Agrotecnologia,106,50,,2026,True
Clinics,146,81,,2026,True
CoDAS,83,38,5,2026,True
Cogitare Enfermagem,6,31,,2026,True
Coluna/Columna,72,25,3,2026,True
Computational & Applied Mathematics,28,31,3,2012,False
Contexto Internacional,64,48,1,2026,True
Critical Care Science,7,38,,2026,True
Crop Breeding and Applied Biotechnology,67,26,2,2026,True
DELTA: Documentação de Estudos em Lingüística Teórica e Aplicada,99,42,2,2026,True
Dados,117,69,1,2026,True
Dementia & Neuropsychologia,70,20,,2026,True
Dental Press Journal of Orthodontics,99,31,2,2026,True
Dilemas: Revista de Estudos de Conflito e Controle Social,20,19,1,2026,True
Eclética Química,37,36,2,2011,False
Economia Aplicada,41,19,3,2015,False
Economia e Sociedade,64,35,3,2026,True
Educar em Revista,98,42,,2026,True
Educação & Formação (Fortaleza),2,11,,2026,True
Educação & Realidade,45,51,,2026,True
Educação & Sociedade,96,47,,2026,True
Educação e Pesquisa,70,52,,2026,True
Educação em Revista,44,42,,2026,True
Eletrônica de Potência,2,31,,2026,True
Em Questão,4,32,,2026,True
Encontros Bibli,5,31,,2026,True
Engenharia Agrícola,114,46,,2026,True
Engenharia Sanitaria e Ambiental,92,31,,2026,True
Ensaio Pesquisa em Educação em Ciências (Belo Horizonte),54,28,,2026,True
Ensaio: Avaliação e Políticas Públicas em Educação,88,34,132,2026,True
Entomología y Vectores,3,12,2,2005,False
Epidemiologia e Serviços de Saúde,48,35,,2026,True
Escola Anna Nery,76,30,,2026,True
Estudos Afro-Asiáticos,9,25,3,2003,False
Estudos Avançados,116,40,116,2026,True
Estudos Econômicos (São Paulo),93,56,2,2026,True
Estudos Históricos (Rio de Janeiro),47,39,87,2026,True
Estudos de Literatura Brasileira Contemporânea,41,,75,2026,True
Estudos de Psicologia (Campinas),89,43,,2026,True
Estudos de Psicologia (Natal),59,21,4,2016,False
Filosofia Unisinos,15,27,1,2026,True
Fisioterapia e Pesquisa,64,33,,2026,True
Fisioterapia em Movimento,43,39,,2026,True
Fitopatologia Brasileira,40,32,6,2007,False
Floresta e Ambiente,85,33,,2026,True
Food Science and Technology,112,43,,2023,False
Fractal: Revista de Psicologia,49,38,,2026,True
Fruit Crops Science Journal,2,2,,2026,True
GEOUSP,16,30,,2026,True
Galáxia (São Paulo),30,51,,2026,True
Genetics and Molecular Biology,134,49,3,2026,True
Geopauta,5,10,,2026,True
Gestão & Produção,102,33,,2026,True
Gragoatá,13,31,69,2026,True
"Hematology, Transfusion and Cell Therapy",40,48,1,2026,True
História (São Paulo),36,45,,2026,True
História da Educação,27,30,,2026,True
História da Historiografia,8,19,,2026,True
"História, Ciências, Saúde-Manguinhos",137,33,,2026,True
Hoehnea,59,53,,2026,True
Horizontes Antropológicos,74,32,74,2026,True
Horticultura Brasileira,98,44,,2026,True
Iheringia. Série Zoologia,69,115,,2025,False
Ilha do Desterro,33,79,,2026,True
Interações (Campo Grande),58,27,,2026,True
Intercom: Revista Brasileira de Ciências da Comunicação,33,49,,2026,True
"Interface - Comunicação, Saúde, Educação",88,30,,2026,True
International Archives of Otorhinolaryngology,58,30,2,2026,True
International Journal of Cardiovascular Sciences,41,39,,2026,True
International braz j urol,143,52,4,2026,True
JISTEM - Journal of Information Systems and Technology Management,49,23,,2026,True
Jornal Brasileiro de Patologia e Medicina Laboratorial,108,58,,2022,False
Jornal Brasileiro de Pneumologia,156,51,6,2025,False
Jornal Brasileiro de Psiquiatria,79,75,,2026,True
Jornal Vascular Brasileiro,63,25,,2026,True
Jornal da Sociedade Brasileira de Fonoaudiologia,8,24,4,2012,False
Jornal de Pediatria,177,102,3,2026,True
Jornal de Pneumologia,28,29,6,2003,False
Journal of Aerospace Technology and Management,41,18,,2026,True
Journal of Applied Oral Science,96,34,,2026,True
Journal of Coloproctology (Rio de Janeiro),60,46,2,2026,True
Journal of Epilepsy and Clinical Neurophysiology,34,18,3,2012,False
Journal of Inborn Errors of Metabolism and Screening,13,14,,2026,True
"Journal of Microwaves, Optoelectronics and Electromagnetic Applications",53,25,2,2026,True
Journal of Physical Education,11,37,,2026,True
Journal of Seed Science,35,48,,2026,True
Journal of Transport Literature,20,10,4,2016,False
Journal of Venomous Animals and Toxins,16,8,1,2002,False
Journal of Venomous Animals and Toxins including Tropical Diseases,52,32,,2026,True
Journal of the Brazilian Chemical Society,285,37,,2026,True
Journal of the Brazilian Computer Society,39,15,4,2009,False
Journal of the Brazilian Society of Mechanical Sciences,14,24,4,2002,False
Journal of the Brazilian Society of Mechanical Sciences and Engineering,44,34,4,2012,False
Kriterion: Revista de Filosofia,62,67,163,2026,True
Latin American Journal of Solids and Structures,164,23,12,2026,True
Letras de Hoje,9,53,4,2018,False
Linguagem em (Dis)curso,64,26,,2026,True
Lua Nova: Revista de Cultura e Política,123,,127,2026,True
Machado de Assis em Linha,28,17,,2024,False
Mana,75,32,1,2026,True
Manuscrito,54,49,3,2026,True
Materials Research,136,29,,2026,True
Matéria (Rio de Janeiro),79,31,,2026,True
Mediações,23,31,,2026,True
MedicalExpress,26,6,,2019,False
Memórias do Instituto Oswaldo Cruz,494,121,,2026,True
Mercator (Fortaleza),21,25,,2026,True
Motriz: Revista de Educação Física,50,29,,2023,False
Movimento,12,32,,2026,True
Nauplius,21,34,,2026,True
Neotropical Entomology,60,40,6,2011,False
Neotropical Ichthyology,92,24,2,2026,True
Nova Economia,68,36,2,2026,True
Novos estudos CEBRAP,63,45,1,2026,True
Ocean and Coastal Research,15,74,,2026,True
Opinião Pública,61,32,,2026,True
Opus (Associação Nacional de Pesquisa e Pós-Graduação em Música),3,32,,2026,True
Organizações & Sociedade,112,33,116,2026,True
Ornamental Horticulture,28,32,,2026,True
Paidéia (Ribeirão Preto),74,36,,2026,True
Pandaemonium Germanicum,42,29,,2026,True
Papéis Avulsos de Zoologia,462,66,,2026,True
Per Musi,20,26,,2025,True
Perspectiva Teológica,19,58,1,2026,True
Perspectivas em Ciência da Informação,71,31,,2026,True
Pesquisa Agropecuária Brasileira,248,61,,2026,True
Pesquisa Agropecuária Tropical,41,56,,2026,True
Pesquisa Brasileira em Odontopediatria e Clínica Integrada,10,26,,2026,True
Pesquisa Odontológica Brasileira,17,17,4,2003,False
Pesquisa Operacional,68,46,,2026,True
Pesquisa Veterinária Brasileira,217,46,,2026,True
Physis: Revista de Saúde Coletiva,102,36,4,2026,True
Planta Daninha,104,38,,2020,False
Polímeros,133,36,3,2026,True
Pro-Posições,42,37,,2026,True
Production,86,36,,2026,True
Pró-Fono Revista de Atualização Científica,21,22,4,2010,False
Psico-USF,69,31,,2026,True
Psicologia & Sociedade,63,38,,2026,True
Psicologia Clínica,20,27,1,2015,False
Psicologia Escolar e Educacional,60,30,,2026,True
Psicologia USP,74,37,,2026,True
Psicologia em Estudo,58,31,,2026,True
Psicologia: Ciência e Profissão,138,46,,2026,True
Psicologia: Reflexão e Crítica,73,38,,2025,True
Psicologia: Teoria e Pesquisa,81,42,,2026,True
Psychology & Neuroscience,17,7,3,2014,False
Química Nova,251,49,,2026,True
RAE eletrônica,18,52,3,2012,False
RAM. Revista de Administração Mackenzie,133,27,4,2026,True
RAUSP Management Journal,30,61,,2026,True
RBRH,14,31,,2026,True
RDBCI: Revista Digital de Biblioteconomia e Ciência da Informação,13,24,,2026,True
REAd. Revista Eletrônica de Administração (Porto Alegre),44,31,,2025,True
REGEPE Entrepreneurship and Small Business Journal,6,15,,2026,True
REM - International Engineering Journal,43,79,3,2026,True
REMHU: Revista Interdisciplinar da Mobilidade Humana,35,34,,2026,True
RGO - Revista Gaúcha de Odontologia,28,74,,2026,True
Radiologia Brasileira,141,59,,2026,True
Religião & Sociedade,48,46,1,2026,True
Rem: Revista Escola de Minas,64,69,2,2016,False
Research on Biomedical Engineering,16,34,4,2018,False
Respiratory Research & Clinical Practice,2,52,2,2026,True
Revista Ambiente & Água,58,21,,2026,True
Revista Archai,14,36,,2026,True
Revista Bioética,39,34,,2026,True
Revista Brasileira de Anestesiologia,118,70,6,2020,False
Revista Brasileira de Atividade Física e Saúde,3,31,,2026,True
Revista Brasileira de Biologia,12,61,2,2001,False
Revista Brasileira de Cancerologia,11,72,3,2026,True
Revista Brasileira de Cardiologia Invasiva,32,22,4,2014,False
Revista Brasileira de Cineantropometria & Desempenho Humano,63,28,,2026,True
Revista Brasileira de Cirurgia Plástica,59,41,,2026,True
Revista Brasileira de Ciência Política,43,45,,2026,True
Revista Brasileira de Ciência do Solo,117,50,,2026,True
Revista Brasileira de Ciências Farmacêuticas,28,44,4,2008,False
Revista Brasileira de Ciências Sociais,83,41,,2026,True
Revista Brasileira de Ciências do Esporte,46,48,,2026,True
Revista Brasileira de Coloproctologia,22,31,3,2011,False
Revista Brasileira de Direito Processual Penal,15,12,1,2026,True
Revista Brasileira de Economia,96,79,,2025,False
Revista Brasileira de Educação,67,31,,2026,True
Revista Brasileira de Educação Especial,64,32,,2026,True
Revista Brasileira de Educação Física e Esporte,31,30,4,2016,False
Revista Brasileira de Educação Médica,153,50,2,2026,True
Revista Brasileira de Enfermagem,285,79,,2026,True
Revista Brasileira de Engenharia Agrícola e Ambiental,248,30,6,2026,True
Revista Brasileira de Engenharia Biomédica,11,30,4,2014,False
Revista Brasileira de Ensino de Física,89,48,,2026,True
Revista Brasileira de Entomologia,103,70,3,2026,True
Revista Brasileira de Epidemiologia,104,29,,2026,True
Revista Brasileira de Estudos Pedagógicos,35,107,,2026,True
Revista Brasileira de Estudos Urbanos e Regionais,19,28,,2026,True
Revista Brasileira de Estudos da Presença,51,15,4,2025,False
Revista Brasileira de Estudos de População,40,43,,2026,True
Revista Brasileira de Farmacognosia,103,29,6,2019,False
Revista Brasileira de Fisiologia Vegetal,5,13,3,2001,False
Revista Brasileira de Fruticultura,96,46,,2024,False
Revista Brasileira de Geociências,4,41,4,2011,False
Revista Brasileira de Geofísica,51,29,2,2011,False
Revista Brasileira de Geriatria e Gerontologia,80,29,,2026,True
Revista Brasileira de Gestão de Negócios,74,28,3,2026,True
Revista Brasileira de Ginecologia e Obstetrícia,301,48,,2026,True
Revista Brasileira de Hematologia e Hemoterapia,92,39,4,2017,False
Revista Brasileira de História,68,46,,2026,True
Revista Brasileira de História da Educação,9,26,,2026,True
Revista Brasileira de Inovação,11,25,,2026,True
Revista Brasileira de Linguística Aplicada,83,26,2,2026,True
Revista Brasileira de Literatura Comparada,15,28,,2026,True
Revista Brasileira de Medicina do Esporte,160,30,,2024,False
Revista Brasileira de Medicina do Trabalho,2,24,,2026,True
Revista Brasileira de Meteorologia,71,41,,2026,True
Revista Brasileira de Oceanografia,12,51,unico,2003,False
Revista Brasileira de Oftalmologia,93,85,,2026,True
Revista Brasileira de Ortopedia,124,61,1,2026,True
Revista Brasileira de Otorrinolaringologia,46,75,2,2009,False
Revista Brasileira de Parasitologia Veterinária,78,35,3,2026,True
Revista Brasileira de Pesquisa em Turismo,23,20,,2026,True
Revista Brasileira de Plantas Medicinais,40,18,2,2016,False
Revista Brasileira de Política Internacional,63,69,1,2026,True
Revista Brasileira de Psicodrama,8,34,,2026,True
Revista Brasileira de Reumatologia,91,57,6,2017,False
Revista Brasileira de Saúde Materno Infantil,100,26,,2026,True
Revista Brasileira de Saúde Ocupacional,39,51,,2026,True
Revista Brasileira de Saúde e Produção Animal,36,27,,2026,True
Revista Brasileira de Sementes,33,34,4,2012,False
Revista Brasileira de Terapia Intensiva,68,34,4,2022,False
Revista Brasileira de Zoologia,110,25,4,2008,False
Revista Brasileira de Zootecnia,203,55,,2026,True
Revista CEFAC,131,28,5,2026,True
Revista Caatinga,37,39,,2026,True
Revista Ceres,88,73,,2026,True
Revista Ciência Agronômica,56,57,,2026,True
Revista Contabilidade & Finanças,84,37,101,2026,True
Revista Dental Press de Ortodontia e Ortopedia Facial,35,14,6,2009,False
Revista Direito GV,41,22,,2026,True
Revista Direito e Práxis,39,17,2,2026,True
Revista Dor,29,18,4,2017,False
Revista Estudos Feministas,74,34,2,2026,True
Revista Gaúcha de Enfermagem,50,47,,2026,True
Revista IBRACON de Estruturas e Materiais,104,19,3,2026,True
Revista Katálysis,49,29,,2026,True
Revista Latino-Americana de Enfermagem,143,34,,2026,True
Revista Latinoamericana de Psicopatologia Fundamental,107,29,,2026,True
Revista NERA,9,29,1,2026,True
Revista Odonto Ciência,11,27,3,2012,False
Revista Paulista de Pediatria,58,44,,2026,True
Revista Vórtex,3,14,,2026,True
Revista da Associação Médica Brasileira,227,72,6,2026,True
Revista da Educação Física / UEM,17,26,4,2015,False
Revista da Escola de Enfermagem da USP,199,60,,2026,True
Revista da Faculdade de Educação,3,24,2,1998,False
Revista da Sociedade Brasileira de Fonoaudiologia,24,17,4,2012,False
Revista da Sociedade Brasileira de Medicina Tropical,278,59,,2026,True
Revista de Administração (São Paulo),25,52,4,2017,False
Revista de Administração Contemporânea,164,30,3,2026,True
Revista de Administração Pública,123,60,,2026,True
Revista de Administração da UFSM,27,19,,2026,True
Revista de Administração de Empresas,306,66,1,2026,True
Revista de Antropologia,31,69,,2026,True
Revista de Direito da Cidade,2,14,1,2022,False
Revista de Economia Contemporânea,55,30,,2026,True
Revista de Economia e Sociologia Rural,97,64,,2026,True
Revista de Filosofia Aurora,4,38,,2026,True
Revista de História (São Paulo),18,,185,2026,True
Revista de Investigações Constitucionais,37,13,1,2026,True
Revista de Microbiologia,6,30,4,1999,False
Revista de Nutrição,117,39,,2026,True
Revista de Odontologia da UNESP,46,55,,2026,True
Revista de Odontologia da Universidade de São Paulo,12,13,4,1999,False
Revista de Psiquiatria do Rio Grande do Sul,28,33,2,2011,False
Revista de Saúde Pública,301,60,,2026,True
Revista de Sociologia e Política,76,34,,2026,True
Revista do Colégio Brasileiro de Cirurgiões,141,53,,2026,True
Revista do Departamento de Psicologia. UFF,6,20,1,2008,False
Revista do Hospital das Clínicas,36,59,6,2004,False
Revista do Instituto de Estudos Brasileiros,40,,93,2026,True
Revista do Instituto de Medicina Tropical de São Paulo,208,68,,2026,True
Revista Árvore,114,50,,2026,True
Rodriguésia,89,77,,2026,True
Sao Paulo Medical Journal,197,144,3,2026,True
Saúde e Sociedade,116,35,2,2026,True
Saúde em Debate,101,50,149,2026,True
Sba: Controle & Automação Sociedade Brasileira de Automatica,49,23,6,2012,False
Scientia Agricola,160,83,,2026,True
Scientiae Studia,54,13,4,2015,False
Sequência (Florianópolis),40,47,,2026,True
Serviço Social & Sociedade,57,149,3,2026,True
"Sexualidad, Salud y Sociedad (Rio de Janeiro)",37,,42,2026,True
Sociedade & Natureza,44,38,,2026,True
Sociedade e Estado,73,41,2,2026,True
Sociologia & Antropologia,43,16,1,2026,True
Sociologias,62,28,,2026,True
Soils and Rocks,24,49,4,2026,True
Soldagem & Inspeção,48,31,,2026,True
Summa Phytopathologica,72,52,,2026,True
Sur. Revista Internacional de Direitos Humanos,11,6,11,2009,False
São Paulo em Perspectiva,25,19,4,2005,False
TEMA (São Carlos),28,21,3,2020,False
Tempo,52,32,1,2026,True
Tempo Social,80,38,1,2026,True
Texto & Contexto - Enfermagem,74,35,,2026,True
Texto Livre,8,19,,2026,True
Theoretical and Experimental Plant Physiology,4,25,4,2013,False
Topoi (Rio de Janeiro),56,26,,2025,False
"Trabalho, Educação e Saúde",62,24,,2026,True
Trabalhos em Linguística Aplicada,54,65,,2026,True
Trans/Form/Ação,116,49,1,2026,True
Transinformação,63,38,,2026,True
Trends in Computational and Applied Mathematics,15,27,,2026,True
Trends in Psychiatry and Psychotherapy,47,48,,2026,True
Trends in Psychology,10,27,4,2019,False
Tropical Plant Pathology,42,39,6,2014,False
Turismo: Visão e Ação,17,28,,2026,True
Varia Historia,52,42,,2026,True
Veredas do Direito,3,22,,2025,False
Vibrant: Virtual Brazilian Anthropology,26,23,,2026,True
Zoologia (Curitiba),56,43,,2026,True
einstein (São Paulo),62,24,,2026,True
title-13e2b90260d44c3ba4a651917bbfb85f,1,1,1,2023,False
title-a1fb215b52f342c8a31d8fb3001c61fd,1,1,1,2023,False
title-ec3790d25a804210b9e7880c84557317,1,1,1,2023,False
urbe. Revista Brasileira de Gestão Urbana,29,18,,2026,True
Ágora: Estudos em Teoria Psicanalítica,59,29,,2026,True
